lang,genre,docs,pct_within_lang
ar,news,934,30.4
ar,poetry,676,22.01
ar,social_media/sports,396,12.89
ar,social_media/entertainment,282,9.18
ar,social_media/people,189,6.15
ar,social_media/politics,179,5.83
ar,social_media/environment,90,2.93
ar,social_media/technology,83,2.7
ar,social_media/science,39,1.27
ar,social_media/social,36,1.17
ar,social_media/health,32,1.04
ar,social_media/business,30,0.98
ar,social_media/cryptocurrency,27,0.88
ar,social_media/law,23,0.75
ar,literature,17,0.55
ar,social_media/investing,14,0.46
ar,social_media/finance,13,0.42
ar,social_media/economy,11,0.36
ar,literature/speech_essay,1,0.03
de,literature,308,48.81
de,news,97,15.37
de,social_media/politics,43,6.81
de,social_media/sports,30,4.75
de,social_media/technology,30,4.75
de,social_media/entertainment,28,4.44
de,social_media/people,27,4.28
de,social_media/environment,11,1.74
de,social_media/science,10,1.58
de,social_media/health,9,1.43
de,social_media/social,8,1.27
de,social_media/business,7,1.11
de,social_media/finance,7,1.11
de,social_media/law,7,1.11
de,social_media/economy,6,0.95
de,social_media/cryptocurrency,2,0.32
de,social_media/investing,1,0.16
en,news,515,37.43
en,blog/indunk,256,18.6
en,ecommerce_reviews,152,11.05
en,blog/student,146,10.61
en,blog/technology,42,3.05
en,blog/education,32,2.33
en,blog/engineering,20,1.45
en,blog/non-profit,20,1.45
en,blog/communications-media,18,1.31
en,blog/arts,16,1.16
en,blog/internet,14,1.02
en,research_paper,12,0.87
en,social_media/sports,9,0.65
en,blog/chemicals,8,0.58
en,blog/publishing,8,0.58
en,blog/advertising,6,0.44
en,blog/consulting,6,0.44
en,blog/government,6,0.44
en,blog/law,6,0.44
en,social_media/youtube_comment,6,0.44
en,social_media/people,5,0.36
en,social_media/technology,5,0.36
en,blog/banking,4,0.29
en,blog/businessservices,4,0.29
en,blog/military,4,0.29
en,blog/religion,4,0.29
en,blog/science,4,0.29
en,blog/telecommunications,4,0.29
en,blog/tourism,4,0.29
en,blog/transportation,4,0.29
en,blog/accounting,2,0.15
en,blog/agriculture,2,0.15
en,blog/architecture,2,0.15
en,blog/automotive,2,0.15
en,blog/biotech,2,0.15
en,blog/construction,2,0.15
en,blog/environment,2,0.15
en,blog/fashion,2,0.15
en,blog/humanresources,2,0.15
en,blog/lawenforcement-security,2,0.15
en,blog/museums-libraries,2,0.15
en,blog/sports-recreation,2,0.15
en,literature,2,0.15
en,social_media/business,2,0.15
en,social_media/cryptocurrency,2,0.15
en,social_media/environment,2,0.15
en,social_media/entertainment,1,0.07
en,social_media/health,1,0.07
en,social_media/politics,1,0.07
en,social_media/social,1,0.07
es,literature,1482,85.27
es,news,195,11.22
es,social_media/politics,12,0.69
es,social_media/entertainment,9,0.52
es,social_media/science,7,0.4
es,social_media/technology,7,0.4
es,social_media/people,6,0.35
es,social_media/business,5,0.29
es,social_media/sports,5,0.29
es,social_media/social,3,0.17
es,social_media/health,2,0.12
es,social_media/youtube_comment,2,0.12
es,social_media/economy,1,0.06
es,social_media/environment,1,0.06
es,social_media/law,1,0.06
fr,literature,382,55.44
fr,news,131,19.01
fr,social_media/politics,50,7.26
fr,social_media/sports,34,4.93
fr,social_media/entertainment,24,3.48
fr,social_media/technology,18,2.61
fr,social_media/people,11,1.6
fr,social_media/social,8,1.16
fr,social_media/health,6,0.87
fr,social_media/science,6,0.87
fr,social_media/law,4,0.58
fr,social_media/business,3,0.44
fr,social_media/cryptocurrency,3,0.44
fr,social_media/economy,3,0.44
fr,literature/drama,2,0.29
fr,social_media/environment,2,0.29
fr,social_media/finance,1,0.15
fr,social_media/investing,1,0.15
hi,social_media/politics,129,23.5
hi,social_media/people,86,15.66
hi,literature,66,12.02
hi,social_media/entertainment,50,9.11
hi,social_media/environment,38,6.92
hi,social_media/technology,31,5.65
hi,social_media/social,29,5.28
hi,social_media/health,25,4.55
hi,social_media/sports,21,3.83
hi,social_media/science,16,2.91
hi,social_media/finance,15,2.73
hi,social_media/business,13,2.37
hi,social_media/law,11,2.0
hi,social_media/investing,9,1.64
hi,social_media/economy,6,1.09
hi,social_media/cryptocurrency,4,0.73
ja,news,320,96.97
ja,social_media/youtube_comment,4,1.21
ja,social_media/environment,2,0.61
ja,social_media/business,1,0.3
ja,social_media/entertainment,1,0.3
ja,social_media/social,1,0.3
ja,social_media/sports,1,0.3
ko,news,832,42.47
ko,social_media/people,311,15.88
ko,social_media/entertainment,257,13.12
ko,social_media/environment,111,5.67
ko,social_media/technology,95,4.85
ko,social_media/science,50,2.55
ko,social_media/social,49,2.5
ko,social_media/politics,47,2.4
ko,social_media/health,40,2.04
ko,social_media/cryptocurrency,39,1.99
ko,social_media/investing,35,1.79
ko,social_media/sports,33,1.68
ko,social_media/business,26,1.33
ko,social_media/economy,11,0.56
ko,social_media/law,11,0.56
ko,social_media/finance,10,0.51
ko,social_media/youtube_comment,2,0.1
ru,news,952,41.0
ru,literature,670,28.85
ru,social_media/entertainment,143,6.16
ru,social_media/politics,129,5.56
ru,social_media/people,112,4.82
ru,social_media/technology,54,2.33
ru,social_media/social,42,1.81
ru,social_media/health,38,1.64
ru,social_media/environment,34,1.46
ru,social_media/science,30,1.29
ru,social_media/finance,22,0.95
ru,social_media/sports,22,0.95
ru,social_media/business,21,0.9
ru,social_media/economy,17,0.73
ru,social_media/cryptocurrency,16,0.69
ru,social_media/law,8,0.34
ru,social_media/investing,6,0.26
ru,social_media/youtube_comment,6,0.26
zh,media_reviews/douban,1366,67.56
zh,news,434,21.46
zh,social_media/xiaohongshu,150,7.42
zh,social_media/politics,12,0.59
zh,social_media/entertainment,8,0.4
zh,social_media/people,7,0.35
zh,social_media/cryptocurrency,6,0.3
zh,social_media/business,5,0.25
zh,social_media/environment,5,0.25
zh,social_media/technology,5,0.25
zh,literature,4,0.2
zh,social_media/science,4,0.2
zh,social_media/social,3,0.15
zh,social_media/sports,3,0.15
zh,social_media/economy,2,0.1
zh,social_media/finance,2,0.1
zh,social_media/health,2,0.1
zh,social_media/investing,2,0.1
zh,social_media/youtube_comment,2,0.1
